{
    "token": {
        "accuracy": 0.9656417329222781,
        "f1": 0.7671125098347757,
        "recall": 0.8397932816537468,
        "precision": 0.7060101375814627,
        "classification_report": {
            "AGE": {
                "precision": 0.8294243070362474,
                "recall": 0.8932261768082663,
                "f1-score": 0.8601437258153677,
                "support": 871
            },
            "ALTI": {
                "precision": 0.5195530726256983,
                "recall": 0.7622950819672131,
                "f1-score": 0.6179401993355481,
                "support": 122
            },
            "EMAIL": {
                "precision": 0.5,
                "recall": 1.0,
                "f1-score": 0.6666666666666666,
                "support": 17
            },
            "GEOG": {
                "precision": 0.9134615384615384,
                "recall": 0.4481132075471698,
                "f1-score": 0.6012658227848102,
                "support": 212
            },
            "REGION": {
                "precision": 0.6402151983860122,
                "recall": 0.8686131386861314,
                "f1-score": 0.7371273712737128,
                "support": 1096
            },
            "SITE": {
                "precision": 0.39371534195933455,
                "recall": 0.6761904761904762,
                "f1-score": 0.4976635514018691,
                "support": 315
            },
            "TAXA": {
                "precision": 0.9034883720930232,
                "recall": 0.9141176470588235,
                "f1-score": 0.9087719298245612,
                "support": 850
            },
            "micro avg": {
                "precision": 0.7060101375814627,
                "recall": 0.8397932816537468,
                "f1-score": 0.7671125098347757,
                "support": 3483
            },
            "macro avg": {
                "precision": 0.6714082615088363,
                "recall": 0.7946508183225829,
                "f1-score": 0.6985113238717908,
                "support": 3483
            },
            "weighted avg": {
                "precision": 0.7412084980964921,
                "recall": 0.8397932816537468,
                "f1-score": 0.7753337166885703,
                "support": 3483
            }
        }
    },
    "entity": {
        "accuracy": 0.9613013142949862,
        "f1": 0.641327880683185,
        "recall": 0.7174381054897739,
        "precision": 0.5798173118747282,
        "classification_report": {
            "AGE": {
                "precision": 0.6142433234421365,
                "recall": 0.711340206185567,
                "f1-score": 0.659235668789809,
                "support": 291
            },
            "ALTI": {
                "precision": 0.3387096774193548,
                "recall": 0.4772727272727273,
                "f1-score": 0.39622641509433965,
                "support": 44
            },
            "EMAIL": {
                "precision": 0.5,
                "recall": 1.0,
                "f1-score": 0.6666666666666666,
                "support": 17
            },
            "GEOG": {
                "precision": 0.3,
                "recall": 0.225,
                "f1-score": 0.2571428571428572,
                "support": 40
            },
            "REGION": {
                "precision": 0.41812865497076024,
                "recall": 0.5896907216494846,
                "f1-score": 0.48930710008554323,
                "support": 485
            },
            "SITE": {
                "precision": 0.337696335078534,
                "recall": 0.5330578512396694,
                "f1-score": 0.4134615384615385,
                "support": 242
            },
            "TAXA": {
                "precision": 0.8623376623376623,
                "recall": 0.8985115020297699,
                "f1-score": 0.880053015241882,
                "support": 739
            },
            "micro avg": {
                "precision": 0.5798173118747282,
                "recall": 0.7174381054897739,
                "f1-score": 0.641327880683185,
                "support": 1858
            },
            "macro avg": {
                "precision": 0.481587950464064,
                "recall": 0.6335532869110312,
                "f1-score": 0.5374418944975193,
                "support": 1858
            },
            "weighted avg": {
                "precision": 0.6113726997553658,
                "recall": 0.7174381054897739,
                "f1-score": 0.6558780428492812,
                "support": 1858
            }
        }
    },
    "overall_results": {
        "ent_type": {
            "correct": 1506,
            "incorrect": 52,
            "partial": 0,
            "missed": 317,
            "spurious": 741,
            "possible": 1875,
            "actual": 2299,
            "precision": 0.6550674206176599,
            "recall": 0.8032
        },
        "partial": {
            "correct": 1379,
            "incorrect": 0,
            "partial": 179,
            "missed": 317,
            "spurious": 741,
            "possible": 1875,
            "actual": 2299,
            "precision": 0.638755980861244,
            "recall": 0.7832
        },
        "strict": {
            "correct": 1333,
            "incorrect": 225,
            "partial": 0,
            "missed": 317,
            "spurious": 741,
            "possible": 1875,
            "actual": 2299,
            "precision": 0.5798173118747282,
            "recall": 0.7109333333333333
        },
        "exact": {
            "correct": 1379,
            "incorrect": 179,
            "partial": 0,
            "missed": 317,
            "spurious": 741,
            "possible": 1875,
            "actual": 2299,
            "precision": 0.5998260113092649,
            "recall": 0.7354666666666667
        }
    },
    "overall_results_by_tag": {
        "AGE": {
            "ent_type": {
                "correct": 253,
                "incorrect": 0,
                "partial": 0,
                "missed": 46,
                "spurious": 741,
                "possible": 299,
                "actual": 994,
                "precision": 0.2545271629778672,
                "recall": 0.8461538461538461
            },
            "partial": {
                "correct": 207,
                "incorrect": 0,
                "partial": 46,
                "missed": 46,
                "spurious": 741,
                "possible": 299,
                "actual": 994,
                "precision": 0.23138832997987926,
                "recall": 0.7692307692307693
            },
            "strict": {
                "correct": 207,
                "incorrect": 46,
                "partial": 0,
                "missed": 46,
                "spurious": 741,
                "possible": 299,
                "actual": 994,
                "precision": 0.20824949698189135,
                "recall": 0.6923076923076923
            },
            "exact": {
                "correct": 207,
                "incorrect": 46,
                "partial": 0,
                "missed": 46,
                "spurious": 741,
                "possible": 299,
                "actual": 994,
                "precision": 0.20824949698189135,
                "recall": 0.6923076923076923
            }
        },
        "GEOG": {
            "ent_type": {
                "correct": 22,
                "incorrect": 0,
                "partial": 0,
                "missed": 22,
                "spurious": 741,
                "possible": 44,
                "actual": 763,
                "precision": 0.028833551769331587,
                "recall": 0.5
            },
            "partial": {
                "correct": 9,
                "incorrect": 0,
                "partial": 13,
                "missed": 22,
                "spurious": 741,
                "possible": 44,
                "actual": 763,