{
    "token": {
        "accuracy": 0.9865879595468553,
        "f1": 0.9072875436554133,
        "recall": 0.9584337645727778,
        "precision": 0.8613235489147253,
        "classification_report": {
            "AGE": {
                "precision": 0.9262593783494105,
                "recall": 0.980708125283704,
                "f1-score": 0.9527064270752948,
                "support": 4406
            },
            "ALTI": {
                "precision": 0.7490494296577946,
                "recall": 0.9078341013824884,
                "f1-score": 0.8208333333333334,
                "support": 434
            },
            "EMAIL": {
                "precision": 0.525,
                "recall": 1.0,
                "f1-score": 0.6885245901639345,
                "support": 21
            },
            "GEOG": {
                "precision": 0.9506369426751592,
                "recall": 0.9754901960784313,
                "f1-score": 0.9629032258064516,
                "support": 1224
            },
            "REGION": {
                "precision": 0.794774011299435,
                "recall": 0.9517929634641408,
                "f1-score": 0.8662253694581281,
                "support": 5912
            },
            "SITE": {
                "precision": 0.7699660807893925,
                "recall": 0.93836903419767,
                "f1-score": 0.8458672086720868,
                "support": 2661
            },
            "TAXA": {
                "precision": 0.9344346928239545,
                "recall": 0.9575030858755069,
                "f1-score": 0.9458282529176102,
                "support": 5671
            },
            "micro avg": {
                "precision": 0.8613235489147253,
                "recall": 0.9584337645727778,
                "f1-score": 0.9072875436554133,
                "support": 20329
            },
            "macro avg": {
                "precision": 0.8071600765135923,
                "recall": 0.9588139294688488,
                "f1-score": 0.8689840582038342,
                "support": 20329
            },
            "weighted avg": {
                "precision": 0.8671136666880249,
                "recall": 0.9584337645727778,
                "f1-score": 0.9091784051330414,
                "support": 20329
            }
        }
    },
    "entity": {
        "accuracy": 0.9841536814387198,
        "f1": 0.8034711587544666,
        "recall": 0.8641445398283091,
        "precision": 0.7507588240395455,
        "classification_report": {
            "AGE": {
                "precision": 0.8010794140323825,
                "recall": 0.8964624676445211,
                "f1-score": 0.8460912052117263,
                "support": 1159
            },
            "ALTI": {
                "precision": 0.5625,
                "recall": 0.743801652892562,
                "f1-score": 0.6405693950177935,
                "support": 121
            },
            "EMAIL": {
                "precision": 0.525,
                "recall": 1.0,
                "f1-score": 0.6885245901639345,
                "support": 21
            },
            "GEOG": {
                "precision": 0.6178571428571429,
                "recall": 0.729957805907173,
                "f1-score": 0.6692456479690523,
                "support": 237
            },
            "REGION": {
                "precision": 0.6463164073965365,
                "recall": 0.7992740471869328,
                "f1-score": 0.7147030185004869,
                "support": 2755
            },
            "SITE": {
                "precision": 0.6586007364544977,
                "recall": 0.8587105624142661,
                "f1-score": 0.7454599583209289,
                "support": 1458
            },
            "TAXA": {
                "precision": 0.8726945569050832,
                "recall": 0.909303960628076,
                "f1-score": 0.8906232067026283,
                "support": 4267
            },
            "micro avg": {
                "precision": 0.7507588240395455,
                "recall": 0.8641445398283091,
                "f1-score": 0.8034711587544666,
                "support": 10018
            },
            "macro avg": {
                "precision": 0.6691497510922347,
                "recall": 0.848215785239076,
                "f1-score": 0.7421738602695073,
                "support": 10018
            },
            "weighted avg": {
                "precision": 0.7604911094193232,
                "recall": 0.8641445398283091,
                "f1-score": 0.8072844376922064,
                "support": 10018
            }
        }
    },
    "overall_results": {
        "ent_type": {
            "correct": 9251,
            "incorrect": 118,
            "partial": 0,
            "missed": 725,
            "spurious": 2162,
            "possible": 10094,
            "actual": 11531,
            "precision": 0.8022721359812679,
            "recall": 0.916485040618189
        },
        "partial": {
            "correct": 8764,
            "incorrect": 0,
            "partial": 605,
            "missed": 725,
            "spurious": 2162,
            "possible": 10094,
            "actual": 11531,
            "precision": 0.7862717890902784,
            "recall": 0.898206855557757
        },
        "strict": {
            "correct": 8657,
            "incorrect": 712,
            "partial": 0,
            "missed": 725,
            "spurious": 2162,
            "possible": 10094,
            "actual": 11531,
            "precision": 0.7507588240395455,
            "recall": 0.8576382009114325
        },
        "exact": {
            "correct": 8764,
            "incorrect": 605,
            "partial": 0,
            "missed": 725,
            "spurious": 2162,
            "possible": 10094,
            "actual": 11531,
            "precision": 0.7600381580088457,
            "recall": 0.8682385575589459
        }
    },
    "overall_results_by_tag": {
        "AGE": {
            "ent_type": {
                "correct": 1125,
                "incorrect": 6,
                "partial": 0,
                "missed": 38,
                "spurious": 2162,
                "possible": 1169,
                "actual": 3293,
                "precision": 0.3416337686000607,
                "recall": 0.962360992301112
            },
            "partial": {
                "correct": 1045,
                "incorrect": 0,
                "partial": 86,
                "missed": 38,
                "spurious": 2162,
                "possible": 1169,
                "actual": 3293,
                "precision": 0.330397813543881,
                "recall": 0.93071000855432
            },
            "strict": {
                "correct": 1039,
                "incorrect": 92,
                "partial": 0,
                "missed": 38,
                "spurious": 2162,
                "possible": 1169,
                "actual": 3293,
                "precision": 0.31551776495596723,
                "recall": 0.8887938408896493
            },
            "exact": {
                "correct": 1045,
                "incorrect": 86,
                "partial": 0,
                "missed": 38,
                "spurious": 2162,
                "possible": 1169,
                "actual": 3293,
                "precision": 0.3173398117218342,
                "recall": 0.8939264328485885
            }
        },
        "GEOG": {
            "ent_type": {
                "correct": 262,
                "incorrect": 2,
                "partial": 0,
                "missed": 13,
                "spurious": 2162,
                "possible": 277,
                "actual": 2426,
                "precision": 0.1079967023907667,
                "recall": 0.9458483754512635
            },
            "partial": {
                "correct": 173,
                "incorrect": 0,
                "partial": 91,
                "missed": 13,