{
    "token": {
        "accuracy": 0.9483454162768943,
        "f1": 0.6661974309343657,
        "recall": 0.7937106918238994,
        "precision": 0.573984232868405,
        "classification_report": {
            "AGE": {
                "precision": 0.5895567698846388,
                "recall": 0.8646482635796973,
                "f1-score": 0.7010830324909748,
                "support": 1123
            },
            "ALTI": {
                "precision": 0.544,
                "recall": 0.951048951048951,
                "f1-score": 0.6921119592875318,
                "support": 143
            },
            "EMAIL": {
                "precision": 0.46153846153846156,
                "recall": 1.0,
                "f1-score": 0.631578947368421,
                "support": 6
            },
            "GEOG": {
                "precision": 0.7037037037037037,
                "recall": 0.5104477611940299,
                "f1-score": 0.5916955017301039,
                "support": 335
            },
            "REGION": {
                "precision": 0.44258872651356995,
                "recall": 0.7598566308243727,
                "f1-score": 0.5593667546174143,
                "support": 1116
            },
            "SITE": {
                "precision": 0.37128072445019406,
                "recall": 0.519927536231884,
                "f1-score": 0.4332075471698113,
                "support": 552
            },
            "TAXA": {
                "precision": 0.7793614595210946,
                "recall": 0.91438127090301,
                "f1-score": 0.8414896891351185,
                "support": 1495
            },
            "micro avg": {
                "precision": 0.573984232868405,
                "recall": 0.7937106918238994,
                "f1-score": 0.6661974309343657,
                "support": 4770
            },
            "macro avg": {
                "precision": 0.556004263658809,
                "recall": 0.7886157733974206,
                "f1-score": 0.6357904902570536,
                "support": 4770
            },
            "weighted avg": {
                "precision": 0.5958900596981359,
                "recall": 0.7937106918238994,
                "f1-score": 0.6728944804773688,
                "support": 4770
            }
        }
    },
    "entity": {
        "accuracy": 0.944223573433115,
        "f1": 0.5480612577386771,
        "recall": 0.6461774875144064,
        "precision": 0.4758132956152758,
        "classification_report": {
            "AGE": {
                "precision": 0.45719489981785066,
                "recall": 0.648578811369509,
                "f1-score": 0.5363247863247863,
                "support": 387
            },
            "ALTI": {
                "precision": 0.2875,
                "recall": 0.5227272727272727,
                "f1-score": 0.3709677419354839,
                "support": 44
            },
            "EMAIL": {
                "precision": 0.46153846153846156,
                "recall": 1.0,
                "f1-score": 0.631578947368421,
                "support": 6
            },
            "GEOG": {
                "precision": 0.5161290322580645,
                "recall": 0.4444444444444444,
                "f1-score": 0.4776119402985074,
                "support": 72
            },
            "REGION": {
                "precision": 0.2985971943887776,
                "recall": 0.5120274914089347,
                "f1-score": 0.3772151898734178,
                "support": 582
            },
            "SITE": {
                "precision": 0.225,
                "recall": 0.3762057877813505,
                "f1-score": 0.28158844765342966,
                "support": 311
            },
            "TAXA": {
                "precision": 0.7273419649657273,
                "recall": 0.7951706910907577,
                "f1-score": 0.7597454256165473,
                "support": 1201
            },
            "micro avg": {
                "precision": 0.4758132956152758,
                "recall": 0.6461774875144064,
                "f1-score": 0.5480612577386771,
                "support": 2603
            },
            "macro avg": {
                "precision": 0.4247573647098402,
                "recall": 0.6141649284031813,
                "f1-score": 0.49071892558151337,
                "support": 2603
            },
            "weighted avg": {
                "precision": 0.5174073047942477,
                "recall": 0.6461774875144064,
                "f1-score": 0.569199120334451,
                "support": 2603
            }
        }
    },
    "overall_results": {
        "ent_type": {
            "correct": 1878,
            "incorrect": 151,
            "partial": 0,
            "missed": 587,
            "spurious": 1506,
            "possible": 2616,
            "actual": 3535,
            "precision": 0.5312588401697312,
            "recall": 0.7178899082568807
        },
        "partial": {
            "correct": 1817,
            "incorrect": 0,
            "partial": 212,
            "missed": 587,
            "spurious": 1506,
            "possible": 2616,
            "actual": 3535,
            "precision": 0.543988684582744,
            "recall": 0.7350917431192661
        },
        "strict": {
            "correct": 1682,
            "incorrect": 347,
            "partial": 0,
            "missed": 587,
            "spurious": 1506,
            "possible": 2616,
            "actual": 3535,
            "precision": 0.4758132956152758,
            "recall": 0.6429663608562691
        },
        "exact": {
            "correct": 1817,
            "incorrect": 212,
            "partial": 0,
            "missed": 587,
            "spurious": 1506,
            "possible": 2616,
            "actual": 3535,
            "precision": 0.514002828854314,
            "recall": 0.6945718654434251
        }
    },
    "overall_results_by_tag": {
        "AGE": {
            "ent_type": {
                "correct": 304,
                "incorrect": 2,
                "partial": 0,
                "missed": 88,
                "spurious": 1506,
                "possible": 394,
                "actual": 1812,
                "precision": 0.16777041942604856,
                "recall": 0.7715736040609137
            },
            "partial": {
                "correct": 253,
                "incorrect": 0,
                "partial": 53,
                "missed": 88,
                "spurious": 1506,
                "possible": 394,
                "actual": 1812,
                "precision": 0.15424944812362032,
                "recall": 0.7093908629441624
            },
            "strict": {
                "correct": 251,
                "incorrect": 55,
                "partial": 0,
                "missed": 88,
                "spurious": 1506,
                "possible": 394,
                "actual": 1812,
                "precision": 0.13852097130242827,
                "recall": 0.6370558375634517
            },
            "exact": {
                "correct": 253,
                "incorrect": 53,
                "partial": 0,
                "missed": 88,
                "spurious": 1506,
                "possible": 394,
                "actual": 1812,
                "precision": 0.13962472406181015,
                "recall": 0.6421319796954315
            }
        },
        "GEOG": {
            "ent_type": {
                "correct": 42,
                "incorrect": 0,
                "partial": 0,
                "missed": 32,
                "spurious": 1506,
                "possible": 74,
                "actual": 1548,
                "precision": 0.027131782945736434,
                "recall": 0.5675675675675675
            },
            "partial": {
                "correct": 32,
                "incorrect": 0,
                "partial": 10,
                "missed": 32,
                "spurious": 1506,