{
    "token": {
        "accuracy": 0.9719260400616333,
        "f1": 0.7756324900133156,
        "recall": 0.799039780521262,
        "precision": 0.7535575679172057,
        "classification_report": {
            "AGE": {
                "precision": 0.8897464167585446,
                "recall": 0.8110552763819096,
                "f1-score": 0.8485804416403785,
                "support": 995
            },
            "ALTI": {
                "precision": 0.6804123711340206,
                "recall": 0.8148148148148148,
                "f1-score": 0.7415730337078653,
                "support": 81
            },
            "EMAIL": {
                "precision": 0.25925925925925924,
                "recall": 0.3333333333333333,
                "f1-score": 0.2916666666666667,
                "support": 21
            },
            "GEOG": {
                "precision": 0.9444444444444444,
                "recall": 0.5862068965517241,
                "f1-score": 0.7234042553191489,
                "support": 58
            },
            "REGION": {
                "precision": 0.7398148148148148,
                "recall": 0.7488284910965324,
                "f1-score": 0.744294364229157,
                "support": 1067
            },
            "SITE": {
                "precision": 0.5073170731707317,
                "recall": 0.7692307692307693,
                "f1-score": 0.6114050558495003,
                "support": 676
            },
            "TAXA": {
                "precision": 0.8608458390177354,
                "recall": 0.8550135501355014,
                "f1-score": 0.8579197824609109,
                "support": 1476
            },
            "micro avg": {
                "precision": 0.7535575679172057,
                "recall": 0.799039780521262,
                "f1-score": 0.7756324900133156,
                "support": 4374
            },
            "macro avg": {
                "precision": 0.6974057455142215,
                "recall": 0.702640447363512,
                "f1-score": 0.6884062285533755,
                "support": 4374
            },
            "weighted avg": {
                "precision": 0.7781368349839572,
                "recall": 0.799039780521262,
                "f1-score": 0.7833216518678786,
                "support": 4374
            }
        }
    },
    "entity": {
        "accuracy": 0.9681355932203389,
        "f1": 0.6271865121180189,
        "recall": 0.6711772665764547,
        "precision": 0.5886075949367089,
        "classification_report": {
            "AGE": {
                "precision": 0.6692913385826772,
                "recall": 0.6390977443609023,
                "f1-score": 0.6538461538461539,
                "support": 266
            },
            "ALTI": {
                "precision": 0.3333333333333333,
                "recall": 0.48148148148148145,
                "f1-score": 0.3939393939393939,
                "support": 27
            },
            "EMAIL": {
                "precision": 0.25925925925925924,
                "recall": 0.3333333333333333,
                "f1-score": 0.2916666666666667,
                "support": 21
            },
            "GEOG": {
                "precision": 0.7777777777777778,
                "recall": 0.5384615384615384,
                "f1-score": 0.6363636363636364,
                "support": 13
            },
            "REGION": {
                "precision": 0.44787644787644787,
                "recall": 0.5065502183406113,
                "f1-score": 0.47540983606557374,
                "support": 458
            },
            "SITE": {
                "precision": 0.4437299035369775,
                "recall": 0.684863523573201,
                "f1-score": 0.5385365853658537,
                "support": 403
            },
            "TAXA": {
                "precision": 0.7393767705382436,
                "recall": 0.760932944606414,
                "f1-score": 0.75,
                "support": 1029
            },
            "micro avg": {
                "precision": 0.5886075949367089,
                "recall": 0.6711772665764547,
                "f1-score": 0.6271865121180189,
                "support": 2217
            },
            "macro avg": {
                "precision": 0.5243778329863881,
                "recall": 0.563531540593926,
                "f1-score": 0.5342517531781826,
                "support": 2217
            },
            "weighted avg": {
                "precision": 0.607738526276597,
                "recall": 0.6711772665764547,
                "f1-score": 0.6339535934382677,
                "support": 2217
            }
        }
    },
    "overall_results": {
        "ent_type": {
            "correct": 1661,
            "incorrect": 87,
            "partial": 0,
            "missed": 477,
            "spurious": 780,
            "possible": 2225,
            "actual": 2528,
            "precision": 0.6570411392405063,
            "recall": 0.7465168539325843
        },
        "partial": {
            "correct": 1568,
            "incorrect": 0,
            "partial": 180,
            "missed": 477,
            "spurious": 780,
            "possible": 2225,
            "actual": 2528,
            "precision": 0.6558544303797469,
            "recall": 0.7451685393258427
        },
        "strict": {
            "correct": 1488,
            "incorrect": 260,
            "partial": 0,
            "missed": 477,
            "spurious": 780,
            "possible": 2225,
            "actual": 2528,
            "precision": 0.5886075949367089,
            "recall": 0.6687640449438202
        },
        "exact": {
            "correct": 1568,
            "incorrect": 180,
            "partial": 0,
            "missed": 477,
            "spurious": 780,
            "possible": 2225,
            "actual": 2528,
            "precision": 0.620253164556962,
            "recall": 0.7047191011235955
        }
    },
    "overall_results_by_tag": {
        "AGE": {
            "ent_type": {
                "correct": 211,
                "incorrect": 0,
                "partial": 0,
                "missed": 61,
                "spurious": 780,
                "possible": 272,
                "actual": 991,
                "precision": 0.2129162462159435,
                "recall": 0.7757352941176471
            },
            "partial": {
                "correct": 170,
                "incorrect": 0,
                "partial": 41,
                "missed": 61,
                "spurious": 780,
                "possible": 272,
                "actual": 991,
                "precision": 0.1922300706357215,
                "recall": 0.7003676470588235
            },
            "strict": {
                "correct": 170,
                "incorrect": 41,
                "partial": 0,
                "missed": 61,
                "spurious": 780,
                "possible": 272,
                "actual": 991,
                "precision": 0.1715438950554995,
                "recall": 0.625
            },
            "exact": {
                "correct": 170,
                "incorrect": 41,
                "partial": 0,
                "missed": 61,
                "spurious": 780,
                "possible": 272,
                "actual": 991,
                "precision": 0.1715438950554995,
                "recall": 0.625
            }
        },
        "GEOG": {
            "ent_type": {
                "correct": 7,
                "incorrect": 0,
                "partial": 0,
                "missed": 6,
                "spurious": 780,
                "possible": 13,
                "actual": 787,
                "precision": 0.008894536213468869,
                "recall": 0.5384615384615384
            },
            "partial": {
                "correct": 7,
                "incorrect": 0,
                "partial": 0,
                "missed": 6,
                "spurious": 780,