{
    "token": {
        "accuracy": 0.9963551076035625,
        "f1": 0.972788499290266,
        "recall": 0.9727003684242315,
        "precision": 0.9728766461278241,
        "classification_report": {
            "AGE": {
                "precision": 0.9880326911850554,
                "recall": 0.9616477272727273,
                "f1-score": 0.9746616757846243,
                "support": 3520
            },
            "ALTI": {
                "precision": 0.8440111420612814,
                "recall": 0.8808139534883721,
                "f1-score": 0.8620199146514936,
                "support": 344
            },
            "EMAIL": {
                "precision": 1.0,
                "recall": 1.0,
                "f1-score": 1.0,
                "support": 14
            },
            "GEOG": {
                "precision": 0.9382957884427032,
                "recall": 0.9755600814663951,
                "f1-score": 0.9565651522715924,
                "support": 982
            },
            "REGION": {
                "precision": 0.9857560975609756,
                "recall": 0.9828793774319066,
                "f1-score": 0.9843156356551388,
                "support": 5140
            },
            "SITE": {
                "precision": 0.9312283737024222,
                "recall": 0.9620196604110813,
                "f1-score": 0.9463736263736264,
                "support": 2238
            },
            "TAXA": {
                "precision": 0.9867349313474517,
                "recall": 0.9817087288724242,
                "f1-score": 0.9842154131847726,
                "support": 4319
            },
            "micro avg": {
                "precision": 0.9728766461278241,
                "recall": 0.9727003684242315,
                "f1-score": 0.972788499290266,
                "support": 16557
            },
            "macro avg": {
                "precision": 0.9534370034714128,
                "recall": 0.9635185041347009,
                "f1-score": 0.9583073454173211,
                "support": 16557
            },
            "weighted avg": {
                "precision": 0.9733771202748257,
                "recall": 0.9727003684242315,
                "f1-score": 0.9729349424152514,
                "support": 16557
            }
        }
    },
    "entity": {
        "accuracy": 0.9959159093893334,
        "f1": 0.961345163491965,
        "recall": 0.9581941867656153,
        "precision": 0.9645169322709163,
        "classification_report": {
            "AGE": {
                "precision": 0.9764309764309764,
                "recall": 0.9477124183006536,
                "f1-score": 0.9618573797678276,
                "support": 918
            },
            "ALTI": {
                "precision": 0.7941176470588235,
                "recall": 0.8181818181818182,
                "f1-score": 0.8059701492537314,
                "support": 99
            },
            "EMAIL": {
                "precision": 1.0,
                "recall": 1.0,
                "f1-score": 1.0,
                "support": 14
            },
            "GEOG": {
                "precision": 0.7938931297709924,
                "recall": 0.5531914893617021,
                "f1-score": 0.6520376175548589,
                "support": 188
            },
            "REGION": {
                "precision": 0.9808529155787642,
                "recall": 0.9740708729472775,
                "f1-score": 0.9774501300954033,
                "support": 2314
            },
            "SITE": {
                "precision": 0.923682140047207,
                "recall": 0.9560260586319218,
                "f1-score": 0.9395758303321329,
                "support": 1228
            },
            "TAXA": {
                "precision": 0.9774436090225563,
                "recall": 0.9777376654632972,
                "f1-score": 0.9775906151300946,
                "support": 3324
            },
            "micro avg": {
                "precision": 0.9645169322709163,
                "recall": 0.9581941867656153,
                "f1-score": 0.961345163491965,
                "support": 8085
            },
            "macro avg": {
                "precision": 0.9209172025584742,
                "recall": 0.8895600461266673,
                "f1-score": 0.9020688174477212,
                "support": 8085
            },
            "weighted avg": {
                "precision": 0.963664942837058,
                "recall": 0.9581941867656153,
                "f1-score": 0.9603573428428395,
                "support": 8085
            }
        }
    },
    "overall_results": {
        "ent_type": {
            "correct": 7811,
            "incorrect": 42,
            "partial": 0,
            "missed": 233,
            "spurious": 179,
            "possible": 8086,
            "actual": 8032,
            "precision": 0.9724850597609562,
            "recall": 0.9659906010388325
        },
        "partial": {
            "correct": 7783,
            "incorrect": 0,
            "partial": 70,
            "missed": 233,
            "spurious": 179,
            "possible": 8086,
            "actual": 8032,
            "precision": 0.9733565737051793,
            "recall": 0.9668562948305713
        },
        "strict": {
            "correct": 7747,
            "incorrect": 106,
            "partial": 0,
            "missed": 233,
            "spurious": 179,
            "possible": 8086,
            "actual": 8032,
            "precision": 0.9645169322709163,
            "recall": 0.9580756863715063
        },
        "exact": {
            "correct": 7783,
            "incorrect": 70,
            "partial": 0,
            "missed": 233,
            "spurious": 179,
            "possible": 8086,
            "actual": 8032,
            "precision": 0.9689990039840638,
            "recall": 0.9625278258718774
        }
    },
    "overall_results_by_tag": {
        "AGE": {
            "ent_type": {
                "correct": 879,
                "incorrect": 4,
                "partial": 0,
                "missed": 35,
                "spurious": 179,
                "possible": 918,
                "actual": 1062,
                "precision": 0.827683615819209,
                "recall": 0.9575163398692811
            },
            "partial": {
                "correct": 874,
                "incorrect": 0,
                "partial": 9,
                "missed": 35,
                "spurious": 179,
                "possible": 918,
                "actual": 1062,
                "precision": 0.8272128060263654,
                "recall": 0.9569716775599129
            },
            "strict": {
                "correct": 870,
                "incorrect": 13,
                "partial": 0,
                "missed": 35,
                "spurious": 179,
                "possible": 918,
                "actual": 1062,
                "precision": 0.8192090395480226,
                "recall": 0.9477124183006536
            },
            "exact": {
                "correct": 874,
                "incorrect": 9,
                "partial": 0,
                "missed": 35,
                "spurious": 179,
                "possible": 918,
                "actual": 1062,
                "precision": 0.8229755178907722,
                "recall": 0.9520697167755992
            }
        },
        "GEOG": {
            "ent_type": {
                "correct": 127,
                "incorrect": 0,
                "partial": 0,
                "missed": 62,
                "spurious": 179,
                "possible": 189,
                "actual": 306,
                "precision": 0.4150326797385621,
                "recall": 0.671957671957672
            },
            "partial": {
                "correct": 104,
                "incorrect": 0,
                "partial": 23,
                "missed": 62,
                "spurious": 179,
                "possible": 189,