{
    "token": {
        "accuracy": 0.9468253040224509,
        "f1": 0.6662119532781993,
        "recall": 0.8190775681341719,
        "precision": 0.561431240120707,
        "classification_report": {
            "AGE": {
                "precision": 0.5793696275071634,
                "recall": 0.9002671415850401,
                "f1-score": 0.7050209205020921,
                "support": 1123
            },
            "ALTI": {
                "precision": 0.4875,
                "recall": 0.8181818181818182,
                "f1-score": 0.6109660574412533,
                "support": 143
            },
            "EMAIL": {
                "precision": 0.3333333333333333,
                "recall": 0.5,
                "f1-score": 0.4,
                "support": 6
            },
            "GEOG": {
                "precision": 0.6653061224489796,
                "recall": 0.48656716417910445,
                "f1-score": 0.5620689655172414,
                "support": 335
            },
            "REGION": {
                "precision": 0.48826008428657436,
                "recall": 0.7267025089605734,
                "f1-score": 0.5840835433921499,
                "support": 1116
            },
            "SITE": {
                "precision": 0.33444816053511706,
                "recall": 0.7246376811594203,
                "f1-score": 0.45766590389016026,
                "support": 552
            },
            "TAXA": {
                "precision": 0.7525496511003757,
                "recall": 0.9377926421404682,
                "f1-score": 0.8350208457415129,
                "support": 1495
            },
            "micro avg": {
                "precision": 0.561431240120707,
                "recall": 0.8190775681341719,
                "f1-score": 0.6662119532781993,
                "support": 4770
            },
            "macro avg": {
                "precision": 0.5201095684587919,
                "recall": 0.7277355651723463,
                "f1-score": 0.5935466052120587,
                "support": 4770
            },
            "weighted avg": {
                "precision": 0.586959645657278,
                "recall": 0.8190775681341719,
                "f1-score": 0.6756026669062463,
                "support": 4770
            }
        }
    },
    "entity": {
        "accuracy": 0.9429665575304023,
        "f1": 0.5505984766050054,
        "recall": 0.6803688052247406,
        "precision": 0.46240208877284594,
        "classification_report": {
            "AGE": {
                "precision": 0.4317032040472175,
                "recall": 0.661498708010336,
                "f1-score": 0.5224489795918367,
                "support": 387
            },
            "ALTI": {
                "precision": 0.19540229885057472,
                "recall": 0.38636363636363635,
                "f1-score": 0.2595419847328244,
                "support": 44
            },
            "EMAIL": {
                "precision": 0.3333333333333333,
                "recall": 0.5,
                "f1-score": 0.4,
                "support": 6
            },
            "GEOG": {
                "precision": 0.36507936507936506,
                "recall": 0.3194444444444444,
                "f1-score": 0.3407407407407407,
                "support": 72
            },
            "REGION": {
                "precision": 0.29287305122494434,
                "recall": 0.4518900343642612,
                "f1-score": 0.3554054054054054,
                "support": 582
            },
            "SITE": {
                "precision": 0.23687752355316286,
                "recall": 0.5659163987138264,
                "f1-score": 0.33396584440227706,
                "support": 311
            },
            "TAXA": {
                "precision": 0.7188587334725122,
                "recall": 0.8601165695253955,
                "f1-score": 0.7831690674753601,
                "support": 1201
            },
            "micro avg": {
                "precision": 0.46240208877284594,
                "recall": 0.6803688052247406,
                "f1-score": 0.5505984766050054,
                "support": 2603
            },
            "macro avg": {
                "precision": 0.3677325013658729,
                "recall": 0.5350328273459857,
                "f1-score": 0.42789600319263493,
                "support": 2603
            },
            "weighted avg": {
                "precision": 0.5038121090817715,
                "recall": 0.6803688052247406,
                "f1-score": 0.573121901404756,
                "support": 2603
            }
        }
    },
    "overall_results": {
        "ent_type": {
            "correct": 2008,
            "incorrect": 164,
            "partial": 0,
            "missed": 442,
            "spurious": 1658,
            "possible": 2614,
            "actual": 3830,
            "precision": 0.5242819843342037,
            "recall": 0.7681713848508034
        },
        "partial": {
            "correct": 1911,
            "incorrect": 0,
            "partial": 261,
            "missed": 442,
            "spurious": 1658,
            "possible": 2614,
            "actual": 3830,
            "precision": 0.5330287206266319,
            "recall": 0.7809869931140015
        },
        "strict": {
            "correct": 1771,
            "incorrect": 401,
            "partial": 0,
            "missed": 442,
            "spurious": 1658,
            "possible": 2614,
            "actual": 3830,
            "precision": 0.46240208877284594,
            "recall": 0.6775057383320582
        },
        "exact": {
            "correct": 1911,
            "incorrect": 261,
            "partial": 0,
            "missed": 442,
            "spurious": 1658,
            "possible": 2614,
            "actual": 3830,
            "precision": 0.4989556135770235,
            "recall": 0.7310635042081102
        }
    },
    "overall_results_by_tag": {
        "AGE": {
            "ent_type": {
                "correct": 309,
                "incorrect": 0,
                "partial": 0,
                "missed": 82,
                "spurious": 1658,
                "possible": 391,
                "actual": 1967,
                "precision": 0.15709201830198272,
                "recall": 0.7902813299232737
            },
            "partial": {
                "correct": 256,
                "incorrect": 0,
                "partial": 53,
                "missed": 82,
                "spurious": 1658,
                "possible": 391,
                "actual": 1967,
                "precision": 0.14361972547025928,
                "recall": 0.7225063938618926
            },
            "strict": {
                "correct": 256,
                "incorrect": 53,
                "partial": 0,
                "missed": 82,
                "spurious": 1658,
                "possible": 391,
                "actual": 1967,
                "precision": 0.13014743263853584,
                "recall": 0.6547314578005116
            },
            "exact": {
                "correct": 256,
                "incorrect": 53,
                "partial": 0,
                "missed": 82,
                "spurious": 1658,
                "possible": 391,
                "actual": 1967,
                "precision": 0.13014743263853584,
                "recall": 0.6547314578005116
            }
        },
        "GEOG": {
            "ent_type": {
                "correct": 39,
                "incorrect": 0,
                "partial": 0,
                "missed": 33,
                "spurious": 1658,
                "possible": 72,
                "actual": 1697,
                "precision": 0.022981732469063054,
                "recall": 0.5416666666666666
            },
            "partial": {
                "correct": 23,
                "incorrect": 0,
                "partial": 16,
                "missed": 33,
                "spurious": 1658,