{
    "token": {
        "accuracy": 0.9823291409527896,
        "f1": 0.8786639612923366,
        "recall": 0.9343734439834025,
        "precision": 0.8292237442922374,
        "classification_report": {
            "AGE": {
                "precision": 0.903574517151917,
                "recall": 0.966692367000771,
                "f1-score": 0.9340683900767339,
                "support": 6485
            },
            "ALTI": {
                "precision": 0.7454798331015299,
                "recall": 0.8096676737160121,
                "f1-score": 0.7762490948587979,
                "support": 662
            },
            "EMAIL": {
                "precision": 0.46808510638297873,
                "recall": 0.9166666666666666,
                "f1-score": 0.619718309859155,
                "support": 24
            },
            "GEOG": {
                "precision": 0.9330143540669856,
                "recall": 0.9854014598540146,
                "f1-score": 0.9584926269797923,
                "support": 1781
            },
            "REGION": {
                "precision": 0.7783467446964155,
                "recall": 0.9148753224419605,
                "f1-score": 0.841106719367589,
                "support": 9304
            },
            "SITE": {
                "precision": 0.6877802690582959,
                "recall": 0.8936635105608157,
                "f1-score": 0.7773202407348749,
                "support": 4119
            },
            "TAXA": {
                "precision": 0.913404360753221,
                "recall": 0.9513548387096774,
                "f1-score": 0.9319934268739729,
                "support": 7750
            },
            "micro avg": {
                "precision": 0.8292237442922374,
                "recall": 0.9343734439834025,
                "f1-score": 0.8786639612923366,
                "support": 30125
            },
            "macro avg": {
                "precision": 0.775669312173049,
                "recall": 0.9197602627071311,
                "f1-score": 0.8341355441072736,
                "support": 30125
            },
            "weighted avg": {
                "precision": 0.8358409904442796,
                "recall": 0.9343734439834025,
                "f1-score": 0.8811169150336285,
                "support": 30125
            }
        }
    },
    "entity": {
        "accuracy": 0.9794130999835364,
        "f1": 0.7572006220839814,
        "recall": 0.8287037037037037,
        "precision": 0.6970564654678731,
        "classification_report": {
            "AGE": {
                "precision": 0.7550387596899225,
                "recall": 0.8558875219683656,
                "f1-score": 0.8023064250411862,
                "support": 1707
            },
            "ALTI": {
                "precision": 0.5203619909502263,
                "recall": 0.6117021276595744,
                "f1-score": 0.5623471882640586,
                "support": 188
            },
            "EMAIL": {
                "precision": 0.46808510638297873,
                "recall": 0.9166666666666666,
                "f1-score": 0.619718309859155,
                "support": 24
            },
            "GEOG": {
                "precision": 0.613941018766756,
                "recall": 0.6835820895522388,
                "f1-score": 0.6468926553672316,
                "support": 335
            },
            "REGION": {
                "precision": 0.5948891394212702,
                "recall": 0.7554282987353853,
                "f1-score": 0.6656154735624934,
                "support": 4191
            },
            "SITE": {
                "precision": 0.5580454403983816,
                "recall": 0.7891725352112676,
                "f1-score": 0.6537830446672744,
                "support": 2272
            },
            "TAXA": {
                "precision": 0.8480554243426232,
                "recall": 0.9020264612292749,
                "f1-score": 0.8742087323486447,
                "support": 5971
            },
            "micro avg": {
                "precision": 0.6970564654678731,
                "recall": 0.8287037037037037,
                "f1-score": 0.7572006220839814,
                "support": 14688
            },
            "macro avg": {
                "precision": 0.6226309828503084,
                "recall": 0.7877808144318248,
                "f1-score": 0.6892674041585778,
                "support": 14688
            },
            "weighted avg": {
                "precision": 0.7099933322153366,
                "recall": 0.8287037037037037,
                "f1-score": 0.7626450494255042,
                "support": 14688
            }
        }
    },
    "overall_results": {
        "ent_type": {
            "correct": 13217,
            "incorrect": 288,
            "partial": 0,
            "missed": 1295,
            "spurious": 3957,
            "possible": 14800,
            "actual": 17462,
            "precision": 0.7569006986599474,
            "recall": 0.8930405405405405
        },
        "partial": {
            "correct": 12422,
            "incorrect": 0,
            "partial": 1083,
            "missed": 1295,
            "spurious": 3957,
            "possible": 14800,
            "actual": 17462,
            "precision": 0.7423834612300997,
            "recall": 0.8759121621621622
        },
        "strict": {
            "correct": 12172,
            "incorrect": 1333,
            "partial": 0,
            "missed": 1295,
            "spurious": 3957,
            "possible": 14800,
            "actual": 17462,
            "precision": 0.6970564654678731,
            "recall": 0.8224324324324325
        },
        "exact": {
            "correct": 12422,
            "incorrect": 1083,
            "partial": 0,
            "missed": 1295,
            "spurious": 3957,
            "possible": 14800,
            "actual": 17462,
            "precision": 0.7113732676669339,
            "recall": 0.8393243243243244
        }
    },
    "overall_results_by_tag": {
        "AGE": {
            "ent_type": {
                "correct": 1649,
                "incorrect": 15,
                "partial": 0,
                "missed": 58,
                "spurious": 3957,
                "possible": 1722,
                "actual": 5621,
                "precision": 0.29336417007649884,
                "recall": 0.9576074332171893
            },
            "partial": {
                "correct": 1476,
                "incorrect": 0,
                "partial": 188,
                "missed": 58,
                "spurious": 3957,
                "possible": 1722,
                "actual": 5621,
                "precision": 0.27930973136452586,
                "recall": 0.9117305458768873
            },
            "strict": {
                "correct": 1461,
                "incorrect": 203,
                "partial": 0,
                "missed": 58,
                "spurious": 3957,
                "possible": 1722,
                "actual": 5621,
                "precision": 0.2599181640277531,
                "recall": 0.8484320557491289
            },
            "exact": {
                "correct": 1476,
                "incorrect": 188,
                "partial": 0,
                "missed": 58,
                "spurious": 3957,
                "possible": 1722,
                "actual": 5621,
                "precision": 0.262586728340153,
                "recall": 0.8571428571428571
            }
        },
        "GEOG": {
            "ent_type": {
                "correct": 343,
                "incorrect": 1,
                "partial": 0,
                "missed": 26,
                "spurious": 3957,
                "possible": 370,
                "actual": 4301,
                "precision": 0.0797488956056731,
                "recall": 0.927027027027027
            },
            "partial": {
                "correct": 229,
                "incorrect": 0,